review,sentiment
Loved the soundtrack and visuals.,positive
Amazing movie! Highly recommended.,positive
Poor acting and horrible direction.,negative
The direction and screenplay were top-notch.,positive
Terrible movie. I want my time back.,negative
Awful storyline with no logic.,negative
A masterpiece. Brilliant in every aspect.,positive
The plot was boring and predictable.,negative
Neither great nor terrible.,neutral
Nothing exceptional but watchable.,neutral
I didn't enjoy the movie at all.,negative
Nothing exceptional but watchable.,neutral
Terrible pacing and weak script.,negative
A masterpiece. Brilliant in every aspect.,positive
The plot was boring and predictable.,negative
Decent movie for passing time.,neutral
Terrible pacing and weak script.,negative
Painful to watch. Never again.,negative
It had some good moments and some bad.,neutral
A complete disappointment.,negative
It was just fine overall.,neutral
Poor acting and horrible direction.,negative
Decent movie for passing time.,neutral
Painful to watch. Never again.,negative
Terrible pacing and weak script.,negative
Average film. Nothing special.,neutral
One of the best movies I have watched this year!,positive
Worst film ever made. Complete waste.,negative
Amazing movie! Highly recommended.,positive
Terrible pacing and weak script.,negative
Nothing exceptional but watchable.,neutral
Bad effects and cringe-worthy dialogue.,negative
The direction and screenplay were top-notch.,positive
Painful to watch. Never again.,negative
Bad effects and cringe-worthy dialogue.,negative
It had some good moments and some bad.,neutral
A very heartwarming and inspiring film.,positive
I didn't enjoy the movie at all.,negative
Terrible movie. I want my time back.,negative
I absolutely loved this movie! The acting was phenomenal.,positive
A complete disappointment.,negative
Worst film ever made. Complete waste.,negative
Amazing movie! Highly recommended.,positive
Poor acting and horrible direction.,negative
It was just fine overall.,neutral
Average film. Nothing special.,neutral
Bad effects and cringe-worthy dialogue.,negative
A very heartwarming and inspiring film.,positive
Nothing exceptional but watchable.,neutral
Neither great nor terrible.,neutral
It had some good moments and some bad.,neutral
Painful to watch. Never again.,negative
A masterpiece. Brilliant in every aspect.,positive
The plot was boring and predictable.,negative
Great performances and emotional depth.,positive
Nothing exceptional but watchable.,neutral
It had some good moments and some bad.,neutral
"An okay experience, could be better.",neutral
"An okay experience, could be better.",neutral
Terrible movie. I want my time back.,negative
Nothing exceptional but watchable.,neutral
Nothing exceptional but watchable.,neutral
"The movie was okay, not too bad.",neutral
The plot was boring and predictable.,negative
I didn't enjoy the movie at all.,negative
Fantastic film with a gripping story.,positive
It was just fine overall.,neutral
Loved the soundtrack and visuals.,positive
I absolutely loved this movie! The acting was phenomenal.,positive
Neither great nor terrible.,neutral
A very heartwarming and inspiring film.,positive
The direction and screenplay were top-notch.,positive
Poor acting and horrible direction.,negative
Loved the soundtrack and visuals.,positive
It was just fine overall.,neutral
Average film. Nothing special.,neutral
Painful to watch. Never again.,negative
Worst film ever made. Complete waste.,negative
"Some scenes were interesting, others boring.",neutral
The plot was boring and predictable.,negative
Terrible pacing and weak script.,negative
One of the best movies I have watched this year!,positive
One of the best movies I have watched this year!,positive
Painful to watch. Never again.,negative
Awful storyline with no logic.,negative
Loved the soundtrack and visuals.,positive
I didn't enjoy the movie at all.,negative
It was just fine overall.,neutral
I didn't enjoy the movie at all.,negative
Beautifully executed and wonderfully written.,positive
Bad effects and cringe-worthy dialogue.,negative
Loved the soundtrack and visuals.,positive
Great performances and emotional depth.,positive
A masterpiece. Brilliant in every aspect.,positive
Loved the soundtrack and visuals.,positive
"Some scenes were interesting, others boring.",neutral
Awful storyline with no logic.,negative
Loved the soundtrack and visuals.,positive
Amazing movie! Highly recommended.,positive
Worst film ever made. Complete waste.,negative
"An okay experience, could be better.",neutral
Poor acting and horrible direction.,negative
"Not a memorable movie, but not the worst.",neutral
Worst film ever made. Complete waste.,negative
It was just fine overall.,neutral
Decent movie for passing time.,neutral
The direction and screenplay were top-notch.,positive
Average film. Nothing special.,neutral
"The movie was okay, not too bad.",neutral
I didn't enjoy the movie at all.,negative
Beautifully executed and wonderfully written.,positive
Amazing movie! Highly recommended.,positive
Loved the soundtrack and visuals.,positive
A masterpiece. Brilliant in every aspect.,positive
A very heartwarming and inspiring film.,positive
One of the best movies I have watched this year!,positive
Loved the soundtrack and visuals.,positive
"The movie was okay, not too bad.",neutral
I absolutely loved this movie! The acting was phenomenal.,positive
The direction and screenplay were top-notch.,positive
Great performances and emotional depth.,positive
A complete disappointment.,negative
I absolutely loved this movie! The acting was phenomenal.,positive
"The movie was okay, not too bad.",neutral
Average film. Nothing special.,neutral
A very heartwarming and inspiring film.,positive
"Some scenes were interesting, others boring.",neutral
Neither great nor terrible.,neutral
One of the best movies I have watched this year!,positive
Poor acting and horrible direction.,negative
Worst film ever made. Complete waste.,negative
Decent movie for passing time.,neutral
The direction and screenplay were top-notch.,positive
Beautifully executed and wonderfully written.,positive
"An okay experience, could be better.",neutral
Terrible movie. I want my time back.,negative
Terrible movie. I want my time back.,negative
Terrible pacing and weak script.,negative
A complete disappointment.,negative
The plot was boring and predictable.,negative
The plot was boring and predictable.,negative
"The movie was okay, not too bad.",neutral
The direction and screenplay were top-notch.,positive
Loved the soundtrack and visuals.,positive
Nothing exceptional but watchable.,neutral
The plot was boring and predictable.,negative
A complete disappointment.,negative
Nothing exceptional but watchable.,neutral
A masterpiece. Brilliant in every aspect.,positive
The direction and screenplay were top-notch.,positive
"The movie was okay, not too bad.",neutral
Great performances and emotional depth.,positive
Bad effects and cringe-worthy dialogue.,negative
Amazing movie! Highly recommended.,positive
"The movie was okay, not too bad.",neutral
Poor acting and horrible direction.,negative
"Not a memorable movie, but not the worst.",neutral
The direction and screenplay were top-notch.,positive
"Some scenes were interesting, others boring.",neutral
Decent movie for passing time.,neutral
"Some scenes were interesting, others boring.",neutral
Average film. Nothing special.,neutral
"The movie was okay, not too bad.",neutral
Nothing exceptional but watchable.,neutral
The direction and screenplay were top-notch.,positive
Awful storyline with no logic.,negative
A masterpiece. Brilliant in every aspect.,positive
Fantastic film with a gripping story.,positive
Loved the soundtrack and visuals.,positive
The plot was boring and predictable.,negative
One of the best movies I have watched this year!,positive
The plot was boring and predictable.,negative
One of the best movies I have watched this year!,positive
Neither great nor terrible.,neutral
Awful storyline with no logic.,negative
Beautifully executed and wonderfully written.,positive
I absolutely loved this movie! The acting was phenomenal.,positive
One of the best movies I have watched this year!,positive
Great performances and emotional depth.,positive
Great performances and emotional depth.,positive
Nothing exceptional but watchable.,neutral
A very heartwarming and inspiring film.,positive
A complete disappointment.,negative
Amazing movie! Highly recommended.,positive
Nothing exceptional but watchable.,neutral
Amazing movie! Highly recommended.,positive
Worst film ever made. Complete waste.,negative
I didn't enjoy the movie at all.,negative
Amazing movie! Highly recommended.,positive
Terrible movie. I want my time back.,negative
Loved the soundtrack and visuals.,positive
Painful to watch. Never again.,negative
Painful to watch. Never again.,negative
Worst film ever made. Complete waste.,negative
It was just fine overall.,neutral
Poor acting and horrible direction.,negative
I absolutely loved this movie! The acting was phenomenal.,positive
A complete disappointment.,negative
Decent movie for passing time.,neutral
"The movie was okay, not too bad.",neutral
